Keyword;Search Volume;Keyword Difficulty Index;CPC
plantation shutters tampa;260;22;11.3
plantation shutters clearwater;30;5;12.56
plantation shutters largo;10;0;0
plantation shutters st petersburg;20;0;0
window treatments clearwater;20;0;8.25
window treatments st petersburg;0;0;0
window treatments tampa;170;32;8.76
blinds tampa;320;25;12.39
blinds clearwater;20;0;12.98
blinds largo;0;0;0
roller shades tampa;30;0;0
solar shades tampa;20;0;0
roman shades tampa;20;0;0
cellular shades tampa;10;0;0
honeycomb shades tampa;10;0;0
motorized shades tampa;40;2;0
plantation shutters seminole;10;0;0
plantation shutters dunedin;0;0;0
plantation shutters palm harbor;10;0;0
plantation shutters brandon;30;0;0
plantation shutters riverview;30;0;0
