Position;Domain;Url
1;www.flshuttersandblinds.com;https://www.flshuttersandblinds.com/
2;www.sunburstshutterstampa.com;https://www.sunburstshutterstampa.com/
3;www.yelp.com;https://www.yelp.com/search?find_desc=Plantation+Shutters&find_loc=Tampa%2C+FL
4;www.iwsshuttersandblinds.com;https://www.iwsshuttersandblinds.com/
5;www.louvershop.com;https://www.louvershop.com/locations/louver-shop-of-tampa/
6;theshutterhouse.com;https://theshutterhouse.com/tampa/
7;www.budgetblinds.com;https://www.budgetblinds.com/northtampa/
8;www.gotchacovered.com;https://www.gotchacovered.com/central-tampa/shutters/
9;simplyshutters.com;https://simplyshutters.com/
10;fivedayplantationshutters.com;https://fivedayplantationshutters.com/
