Keyword;Position;Search Volume;Url
window coverings tampa;1;50;https://www.sunburstshutterstampa.com/
window shutters tampa;1;140;https://www.sunburstshutterstampa.com/
plantation shutters tampa;1;260;https://www.sunburstshutterstampa.com/
interior window shutters tampa;1;70;https://www.sunburstshutterstampa.com/
motorized blinds tampa fl;1;70;https://www.sunburstshutterstampa.com/products/control-your-window-shades-with-motorized-shades-in-tampa
shutter blinds tampa;1;40;https://www.sunburstshutterstampa.com/
wooden shutters tampa;1;50;https://www.sunburstshutterstampa.com/
sliding doors shutters tampa;1;70;https://www.sunburstshutterstampa.com/products/sliding-glass-door-shutters-tampas-beautiful-alternative-to-vertical-blinds
indoor shutters tampa;1;40;https://www.sunburstshutterstampa.com/
indoor window shutters tampa;1;50;https://www.sunburstshutterstampa.com/
shutters tampa florida;1;50;https://www.sunburstshutterstampa.com/
tampa plantation shutters;1;70;https://www.sunburstshutterstampa.com/
interior shutters tampa;1;50;https://www.sunburstshutterstampa.com/
wood shutters tampa;1;50;https://www.sunburstshutterstampa.com/
automation and motorized shades tampa;1;40;https://www.sunburstshutterstampa.com/products/control-your-window-shades-with-motorized-shades-in-tampa
