Keyword;Position;Previous Position;Search Volume;Url;Keyword Difficulty;Timestamp
5 day plantation shutters;2;2;170;https://fivedayplantationshutters.com/;23.00;1790585091
plantation shutters tampa;8;8;260;https://fivedayplantationshutters.com/;17.00;1786057045
tampa plantation shutters;8;8;70;https://fivedayplantationshutters.com/;13.00;1788633730
indoor shutters tampa;9;9;40;https://fivedayplantationshutters.com/;17.00;1789304537
shutters tampa florida;9;9;50;https://fivedayplantationshutters.com/;14.00;1786135448
plantation shutters in tampa;12;12;30;https://fivedayplantationshutters.com/;42.00;1790436875
window shutters tampa;13;13;140;https://fivedayplantationshutters.com/;17.00;1788658860
window shutters tampa fl;13;13;30;https://fivedayplantationshutters.com/;28.00;1789304361
plantation shutters tampa fl;13;13;170;https://fivedayplantationshutters.com/;21.00;1786698555
shutter blinds tampa;14;14;40;https://fivedayplantationshutters.com/;29.00;1789244711
exterior window shutters tampa;17;17;30;https://fivedayplantationshutters.com/;5.00;1789249243
shutters tampa fl;18;18;50;https://fivedayplantationshutters.com/;16.00;1786954339
wooden shutters tampa;19;19;50;https://fivedayplantationshutters.com/;12.00;1790413385
tampa blinds and shutters;21;21;30;https://fivedayplantationshutters.com/;45.00;1790439553
interior shutters tampa;21;21;50;https://fivedayplantationshutters.com/;17.00;1788956511
5 day plantation shutters;22;22;170;https://fivedayplantationshutters.com/about-5day;23.00;1790585091
3 day blinds tampa;23;23;30;https://fivedayplantationshutters.com/;28.00;1787251734
interior window shutters tampa;24;24;70;https://fivedayplantationshutters.com/;18.00;1787654216
house shutters tampa;24;24;40;https://fivedayplantationshutters.com/;11.00;1787077928
shutters tampa;25;25;170;https://fivedayplantationshutters.com/;19.00;1786946306
tampa shutters;25;25;70;https://fivedayplantationshutters.com/;18.00;1787253614
plantation shutters clearwater;27;27;30;https://fivedayplantationshutters.com/;0.00;1790114301
house shutters tampa bay;30;30;40;https://fivedayplantationshutters.com/;9.00;1788958128
indoor window shutters tampa;30;30;50;https://fivedayplantationshutters.com/;27.00;1788955107
wood shutters tampa;35;35;50;https://fivedayplantationshutters.com/;13.00;1789292870
florida shutters and blinds tampa fl;39;39;90;https://fivedayplantationshutters.com/;25.00;1786494259
tampa window treatments;39;39;50;https://fivedayplantationshutters.com/;28.00;1789244014
5 day plantation shutters;41;41;170;https://fivedayplantationshutters.com/gallary;23.00;1790585091
plantation shutters pensacola fl;43;43;70;https://fivedayplantationshutters.com/;2.00;1786251732
tampa shades;44;44;50;https://fivedayplantationshutters.com/;40.00;1786067149
top rated plantation shutter dealer fox chapel pa;46;46;70;https://fivedayplantationshutters.com/;3.00;1786057939
window treatments tampa;51;51;210;https://fivedayplantationshutters.com/;31.00;1788285409
island way shutters;52;52;40;https://fivedayplantationshutters.com/;31.00;1789289184
florida shutters and blinds tampa fl;52;52;90;https://fivedayplantationshutters.com/;25.00;1786494259
exterior shutters tampa;52;52;70;https://fivedayplantationshutters.com/;3.00;1788304784
plantation shutters installation richland hills;59;59;50;https://fivedayplantationshutters.com/;16.00;1786131923
window coverings tampa;66;66;50;https://fivedayplantationshutters.com/;37.00;1789442985
shadyside pa plantation shutters for a bay window;66;66;70;https://fivedayplantationshutters.com/;6.00;1786050450
5 day plantation shutters;68;68;170;https://fivedayplantationshutters.com/Hillsborough-window-treatments;23.00;1790585091
simplyshutters;69;69;70;https://fivedayplantationshutters.com/;32.00;1786431540
48 hour blinds;70;70;30;https://fivedayplantationshutters.com/;11.00;1786441406
plantation shutters installation dessau;73;73;40;https://fivedayplantationshutters.com/Hillsborough-window-treatments;21.00;1786341900
vertical blinds tampa florida;73;73;50;https://fivedayplantationshutters.com/;29.00;1788353264
latrobe pa custom plantation shutters;74;74;50;https://fivedayplantationshutters.com/;17.00;1786013486
plantation shutters installation rollingwood;77;77;70;https://fivedayplantationshutters.com/;25.00;1786340838
plantation shutters installation indian springs;82;82;40;https://fivedayplantationshutters.com/Pinellas-window-treatments;9.00;1789185866
plantation blinds prairieville;83;83;70;https://fivedayplantationshutters.com/;19.00;1787623947
plantation shutters installation garrison park;96;96;50;https://fivedayplantationshutters.com/;24.00;1787061629
