Keyword;Search Volume;CPC;Keyword Difficulty Index
plantation shutters tampa;260;11.3;22
plantation shutters clearwater;30;12.56;5
plantation shutters st petersburg;20;0;0
plantation shutters largo;10;0;0
plantation shutters seminole;10;0;0
plantation shutters palm harbor;10;0;0
plantation shutters dunedin;0;0;0
plantation shutters tarpon springs;10;0;0
plantation shutters safety harbor;10;0;0
plantation shutters oldsmar;0;0;0
plantation shutters gulfport;0;0;0
plantation shutters belleair;10;0;0
plantation shutters indian rocks beach;0;0;0
plantation shutters brandon;30;0;0
plantation shutters riverview;30;0;0
plantation shutters temple terrace;20;0;0
plantation shutters apollo beach;40;0;0
plantation shutters carrollwood;10;0;0
plantation shutters lutz;20;3.61;0
plantation shutters valrico;30;0;0
plantation shutters westchase;10;0;0
plantation shutters sun city center;20;0;0
plantation shutters ruskin;10;0;0
plantation shutters lithia;30;0;0
blinds tampa;320;12.39;25
window treatments tampa;170;8.76;32
blinds clearwater;20;12.98;0
window treatments clearwater;20;8.25;0
blinds st petersburg;70;13.36;14
window treatments st petersburg;0;0;0
blinds largo;0;0;0
blinds brandon;10;8.99;0
blinds riverview;0;0;0
window treatments pinellas county;0;0;0
