Domain;Competitor Relevance;Common Keywords;Organic Keywords;Organic Traffic
5dayplantationshuttersec.com;0.34;1;43;6
gatorblindsshutterstampa.com;0.29;11;156;1
5dayplantationshutters.com;0.22;1;102;195
tampabayshuttersandblinds.com;0.21;3;34;2
simplyshutters.com;0.16;9;476;59
shuttersandshades.com;0.16;12;394;256
sunburstshutterstampa.com;0.13;12;874;346
shutterprofessionals.com;0.12;3;133;93
mitstampabay.com;0.12;8;360;41
iwsshuttersandblinds.com;0.11;12;415;365
theshuttermanfl.com;0.11;4;158;61
tooltaly.com;0.07;1;171;2
flshuttersandblinds.com;0.07;11;698;442
naturecoastshutters.com;0.07;1;148;0
rollaguard.com;0.05;4;226;197
tampawindowshades.com;0.04;3;475;203
gatorshutters.com;0.04;3;274;29
houseofblindsandshutters.com;0.03;1;175;22
masteralum.com;0.03;2;269;109
plantationshuttersfla.com;0.01;1;303;188
